sha256_fingerprint,validity_start,validity_end
a325bfe236cc8e29da5791e0218eae09997542e05f9c5000bd15d4812d32350e,2023-01-07T14:44:35Z,2023-04-07T14:44:34Z
00740b9024548f43b05473ef1dbefb9124dc04f6a403c33f5652ae2b5a7d722c,2023-01-07T09:54:42Z,2023-04-07T09:54:41Z
bcba014f49dccb8bebaad686d35d903e7d09b8295e1f2916491652f6d9f02112,2022-12-10T23:40:20Z,2023-03-10T23:40:19Z
7f427011eaca85e8d8d46f431182ed228fd651a35695cad604f3420317166a26,2023-01-06T11:29:27Z,2023-04-06T11:29:26Z
38c5db9cd23e51972253b9be67d5bdde547f224a2450cf04889acde4e33cfa12,2023-02-07T08:13:53Z,2023-05-08T08:13:52Z
b8148af4858b4d1dc1c8097888d348bb36bdea5916bb8e9f34738f017cb983dc,2022-04-15T00:00:00Z,2023-04-15T23:59:59Z
6835223e00dc27eea5550bafa44dcb39c0ba3a3b7512be223a021e136ccf7c83,2022-12-09T09:35:49Z,2023-03-09T09:35:48Z
05e5d8dded5d0193b4b241a69679c767fa7f3837793946d26cb47d1a7ff2f527,2022-11-30T23:04:43Z,2023-02-28T23:04:42Z
e330e2c9461e9b9ffcf277d72aa2f4162e8960fcee33312e685b2f5faecb5b45,2023-02-08T23:40:33Z,2023-05-09T23:40:32Z
acbddad13de0b4867908c46fb07e8d36dbde00bf3349a0a1de72c4bf0a783daf,2022-12-10T23:40:20Z,2023-03-10T23:40:19Z
9a6f61da57c6917a3f0cdf2d551c4794c63dd86618f430c4e3249680d1068fd7,2022-06-01T00:00:00Z,2023-06-30T23:59:59Z
dca52581c08cdc6747754ab1af78fd2fb544af4a5bc21ede9db82bff7b27abb7,2022-04-14T00:00:00Z,2023-04-14T23:59:59Z
3eb6c09410327b865ce8a66ef06112bf1033db354385f85a06a5216f3f54a9be,2022-04-15T00:00:00Z,2023-04-15T23:59:59Z
b0808624c1fb9ba27a09b70faaf08c42290f94cdf1732623e024d94bfb18f2b5,2022-12-07T12:48:29Z,2023-03-07T12:48:28Z
ffdfb3cd44b5361244b0f6fd38d9f3bf4d65642fa9552dcb942a9add78fa97a3,2023-02-09T04:42:36Z,2023-05-10T04:42:35Z
a4be032dbdbe16e4c4dd9deb34747726e0f2187d04f5eb65c13242eaeec7350e,2022-12-23T02:54:21Z,2023-03-23T02:54:20Z
00217338855828ce98d44145311e9d0162850e09dcd74727f586a996f60c1fb0,2022-12-09T00:00:00Z,2023-06-16T23:59:59Z
56170f6279d34df02b86077e0217004949ada987e7e04c8263643ceb07a43917,2022-05-18T00:00:00Z,2023-06-16T23:59:59Z
63697e81d7e51f7dddd06a49548cd8af1967d514bf0e89449d5160ae173290f2,2022-05-18T00:00:00Z,2023-06-16T23:59:59Z
7a443faa6cfa6c13491f77e4657e298761a98eba75df00b5a6527024ddc4f1a6,2023-01-07T06:04:20Z,2023-04-07T06:04:19Z
50938aac0205544a58474f8342db9308469dae64157daf1ca07a93bc08cc3677,2022-11-21T12:15:08Z,2023-02-19T12:15:07Z
df54e16f3e5a9adffcf0e0ee214a1a1311779b190d2afb6421f48250909973a2,2022-12-09T00:00:00Z,2023-06-16T23:59:59Z
d4bde7a9b9c6809da7197019d994b8fab666d46f0b83dfd37289706d75ee1061,2023-02-05T01:41:48Z,2023-05-06T01:41:47Z
a58139cd8e2fc777d3c6a02e45f8810c408b4236d78debf6cd01df4b4d053ae5,2023-01-16T09:14:09Z,2023-04-16T09:14:08Z
f51d89d79031eb29544e4878471fb93097269ded5717d73482e2b948c2d073ab,2023-01-25T10:02:20Z,2023-04-25T10:02:19Z
e0497c2618680aa1a443b8b2a107504db355621389839a8e890c2f6d3759b979,2022-12-09T00:00:00Z,2023-06-30T23:59:59Z
81ec682e0255c373095256d055010cb170246f7b1715fd8a5bf068e455755571,2022-12-03T21:35:06Z,2023-03-03T21:35:05Z
ab02d90d6cab18c66174b0c8f66a9c680bd3acaa06702972367da87239694ed5,2022-12-09T00:00:00Z,2023-06-16T23:59:59Z
bc75dda8e22d8348c4047051f8aaa97a080b2b4390a92e629556b9bf0ea7129c,2022-12-08T00:35:25Z,2023-03-08T00:35:24Z
72a29bd6c129cb79f5059a9a24e14adb90dcd8fccc8f94d5cee20baafc450bb0,2023-02-06T10:42:03Z,2023-05-07T10:42:02Z
1c501611c5ba8dec79211c6e7f4da5f597512a1fe1d78c884c96b051ea770377,2022-11-14T15:14:17Z,2023-02-12T15:14:16Z
c5d41cdecff4164c9623428f7a38a19fbce955bbc380d33984f508528df79964,2022-04-14T00:00:00Z,2023-04-14T23:59:59Z
86f9441f912c80bdb86980e75b5904274eb4b4c27f6f01ff9320ae5947b6657e,2023-02-10T02:11:14Z,2023-05-11T02:11:13Z
b68d6cd071aa4a20a1bc5dd451dcd0ba0b83767600829db8db81169c4ad2b3ee,2022-11-13T06:14:04Z,2023-02-11T06:14:03Z
208d4a373db48e429085c73234e05791ab78eafd67b821d8169b13ef204b4f93,2022-11-16T00:14:34Z,2023-02-14T00:14:33Z
3222b6d44588a28544f07b79b148b77a2dd3e46563bcb0612d160e28b1207c48,2022-11-20T03:15:00Z,2023-02-18T03:14:59Z
913ebb134b31cc76a0e8dba843b032fc335b6cad73efac5aca100cc4b94e96af,2022-05-18T00:00:00Z,2023-06-16T23:59:59Z
5ecd6f38656afd47f4903067cf8f79881301769d87dd810a336c1afd288be756,2022-12-17T15:52:12Z,2023-03-17T15:52:11Z
69b578721394da530ce0bfed25c9f3857a40112ff791ddaac5800394c31001b3,2022-06-01T00:00:00Z,2023-06-30T23:59:59Z
87224cd286a2200b0f25a8161cea431c181d0cf1cf38d0026f559f026e55d2d4,2023-01-15T11:11:21Z,2023-04-15T11:11:20Z
2cf0d3914f6f264e063b33ef4f870861ebc8271ba5c59e2dd00f6c84193e23c4,2022-12-16T21:31:39Z,2023-03-16T21:31:38Z
b2b916b25881926c54494aea3fc64a6ae41accaee512a13a5e8034ca46a9cb44,2022-12-09T00:00:00Z,2023-06-16T23:59:59Z
a09950a2245ea4440f947979a5f0796f4a45f052cb792690bcab755e7daba393,2022-04-14T00:00:00Z,2023-04-14T23:59:59Z
e418882ab93334204855af6863319de17a2a15c1794f0dfb80feb9177696aef6,2022-12-10T18:38:41Z,2023-03-10T18:38:40Z
2d5b82233667e9668fb465ccd7252cd20dbfe6ff9ab0edb2d7f5d219ebf2f66d,2023-01-22T20:26:00Z,2023-04-22T20:25:59Z
a9fc11773e4f7144bcd3bb6f6eea06691564cf4ab79b3e68b5b6db570f8ef991,2022-12-08T00:35:25Z,2023-03-08T00:35:24Z
1cbc1e6acf6546d076ac06a5e06974e7c05edd7582297720e60ddca890cf8e02,2023-01-14T02:09:59Z,2023-04-14T02:09:58Z
19ef9c8879f5fea036336d728e33622394583e39c70e67b3e522522c302ca07d,2022-12-24T11:55:16Z,2023-03-24T11:55:15Z
7a4cd85d99f923d368758157641f709c1347ce2571596c7588194ae83b1fda44,2022-11-22T21:15:28Z,2023-02-20T21:15:27Z
11199f7cbfc268a47c29e2a533dbffea296cda936aff3e9af8bc12d850c620ea,2022-11-29T18:24:03Z,2023-02-27T18:24:02Z
19077b575fc9d42e807840dc4138158ac2df837fcaaefaa89a335799b80cd854,2022-12-17T00:00:05Z,2023-03-17T00:00:04Z
a1668ddbfe80ad72634c53b66278ec5146156dc0a7a3aa9f873e855fda17fd7c,2022-06-01T00:00:00Z,2023-06-30T23:59:59Z
5840ed0e4ccfbb2099c0a474455604383ef95222a42c4e5233a808e9d6013055,2023-01-02T11:01:08Z,2023-04-02T11:01:07Z
a42938e9301f1b70fbf3854029197c62f361761c525d51f632da82f2983eebe8,2023-01-12T17:26:31Z,2023-04-12T17:26:30Z
7b04aa192330e00e311770a7fcabad9da8b7df247c5a30c872a26e89bd5cd8cf,2022-05-18T00:00:00Z,2023-06-16T23:59:59Z
7fdd44f40cb83140c9146344025728e95cabc3ae4b4b7f223e8df75f25dba9b4,2022-12-13T12:51:47Z,2023-03-13T12:51:46Z
5f08fc89587d40969d40742199efb138911354d113a44df012f001573988ef70,2022-12-03T21:35:06Z,2023-03-03T21:35:05Z
9f7c195b36730f4ecf2b8c995841ae453ee74a74ae88b4b15547c2e161902be3,2022-06-01T00:00:00Z,2023-06-30T23:59:59Z
7ea4eb53409be9f289ecda1ff8846ea1c32eb56f107fac12d02b25b5ad929b70,2023-02-03T16:41:35Z,2023-05-04T16:41:34Z
cd0b866a2e1fb1aa7a70b02c7fba6bfe72eedf697b8779f87845eb3fb1192527,2022-11-27T00:16:02Z,2023-02-25T00:16:01Z
75988cddc056b7f0e04413cfd8d635c5767c4bc96e8d2e79a0a1239eec058ae4,2022-12-27T05:56:20Z,2023-03-27T05:56:19Z
bfd4c7a6fca182dc2657884cdeefc1c48641b62511a48127b4457974dddbca3b,2022-12-17T00:00:03Z,2023-03-17T00:00:02Z
ac18a9bbeaca8ee3b00294918b02d98551c59be700b96f533d2f0cad9513d597,2022-11-13T06:14:04Z,2023-02-11T06:14:03Z
c4559724f2f4e95b1bf42b1efea26fecc12d92ca9637b8cc92a5629427cd44c6,2022-12-23T11:06:39Z,2023-03-23T11:06:38Z
50b85da46b112452e78efec25d33ae35b0a3651277d5df08ff8deb1431eb4851,2022-12-23T11:06:39Z,2023-03-23T11:06:38Z
9096e8424e4c06598cb822d0935c6dfe1a8c0d1c2b4ecb6e0da8fb8411cbfa05,2022-12-09T00:00:00Z,2023-06-30T23:59:59Z
88e1235362f97d046be1a6de787da0992eaf490831941049f13ef89d0d598539,2022-11-17T09:14:40Z,2023-02-15T09:14:39Z
9ad3e2b771777f0b83b57306ff7f7855a29d9b206f7babfb9181c6adac082f6b,2022-12-09T00:00:00Z,2023-06-16T23:59:59Z
7d5e3b76c1fb41a1afcd714e46eaf4b05609a34b4e781710776a680d286473b7,2022-12-08T02:10:47Z,2023-03-08T02:10:46Z
edd6ccec06436e8486558fa073873f5d469e22f0b71ba140a1d1afe09c8701d6,2022-12-09T00:00:00Z,2023-06-16T23:59:59Z
b2ab0ee044ee6fa131b19bc3881d711342d8221d52ba3724a88a947b2d7efd48,2022-11-24T06:14:51Z,2023-02-22T06:14:50Z
4e5c9ab8166aeb6fd68c410f0c27a0b662659efbd4b247b2db029285288ecbf3,2022-05-18T00:00:00Z,2023-06-16T23:59:59Z
a7dc50496cb87a17c90dd8998d86fa035965060e9b76a6c8b38647b94e5d3caf,2022-11-22T21:15:28Z,2023-02-20T21:15:27Z
6cf04b6b3d7e7be3bd6ed4e5b1484267730d9ab00dc60e0f6b4f1f5fbc1a13cb,2022-12-17T00:00:05Z,2023-03-17T00:00:04Z
c5895fc9b518d3426593a7583eee9e164766258310324cc76467b74ea10fc86c,2023-01-23T16:16:10Z,2023-04-23T16:16:09Z
e047f9e837452ecdd320e8e06ce776597560fcea5007d8a902c4241eec611c16,2023-01-04T12:03:27Z,2023-04-04T12:03:26Z
e44ec99046edc53f8fa0d8a11fc65b71e33380bbc918c36c83a34d0ddaa1d80c,2022-12-02T12:35:00Z,2023-03-02T12:34:59Z
eb8f6e7a43f99d014658e8b027c80dcd48b052c71369aeded6016aadeec4acfd,2022-12-09T09:35:49Z,2023-03-09T09:35:48Z
5bb09a8f4a8c46b67b5ce82d28e8e685cd35cc4bc0c64274bfc7ca59e720b12b,2022-12-13T12:51:47Z,2023-03-13T12:51:46Z
82cc6af87aae11bef48019adc74945237fbdef0e688a09a835f1225e314b2309,2023-01-23T18:32:29Z,2023-04-23T18:32:28Z
ac31e9823f5195b25b19343c4f6394d2ede77b4e83d84a751d2f600fd7d24082,2022-05-18T00:00:00Z,2023-06-16T23:59:59Z
8102c488ca80b41a3463e68081ab7660c39fb47c556f772238928ad7fa9087a6,2022-12-29T23:59:50Z,2023-03-29T23:59:49Z
844d079c639e70ab3f883d8f1bce15bcc2b0def42c6f13381a5f0c4563540adf,2023-01-31T22:40:43Z,2023-05-01T22:40:42Z
8915aab7915089cc1cfea8567d18b5b9a2ab73e54f4fda10ee8f24a27774f4c7,2022-12-09T00:00:00Z,2023-06-30T23:59:59Z
58e35bbc0d64d0abe260a21e8744dd0af1d13081ce9d35502a4c252bef68fe3e,2022-12-31T08:59:10Z,2023-03-31T08:59:09Z
772f8f021eba287ae5512f24ccb7a49c880741b98b9785c908714498ba858548,2022-12-20T09:34:50Z,2023-03-20T09:34:49Z
9c1c0256ee763b785581ea530ae52cb518d41f8311e7c343cd4da12b9099082a,2022-11-17T09:14:40Z,2023-02-15T09:14:39Z
75f69aa1892c243c4488e6fe447e78d18bc738a20d6cd0a968da0eb0c9720543,2023-01-05T21:03:51Z,2023-04-05T21:03:50Z
426e04ab7ff3d94971dae70b6784bc79d1782bb8ef11c9980d84c011dbfaf220,2022-06-01T00:00:00Z,2023-06-30T23:59:59Z
d7ae82074dcc62cc2f44379b1822fb83b20fa47759a6f2e1a465caf4524db2ee,2023-02-10T02:11:14Z,2023-05-11T02:11:13Z
81a76bcb18398643099e9a4834f762ebcbca979056ccf2b73be93f609d389c9c,2023-01-06T11:29:26Z,2023-04-06T11:29:25Z
048a3ef80dbfb57580a3f2c64ce9df63b1e3a9faaac803811ea0e4a2886c17a9,2022-06-01T00:00:00Z,2023-06-30T23:59:59Z
0995b73ad9d99b44c1417034ab9d4f7abb7788082916173bd640acb3b1ec2a0f,2022-11-26T11:01:06Z,2023-02-24T11:01:05Z
10be234b793664a2eae5cac2bda2772de6659134adbd40be979ca8b219da3fa7,2022-06-01T00:00:00Z,2023-06-30T23:59:59Z
59be38844c2c3b50b28f2bbaeb190e51416715aa4020add171ffd9ababe31a90,2022-12-09T00:00:00Z,2023-06-16T23:59:59Z
c06401cf4bf21cfd5757f930379a5846f58480169c96cb0046e4cd7d0799f8a9,2022-12-09T00:00:00Z,2023-06-30T23:59:59Z
aa92ca699d1635e2d15bcc29abacaf3d4b1492aada371817f5e5d89742a9819a,2023-01-20T22:34:48Z,2023-04-20T22:34:47Z
952ff02e53446e726204f3a2dcdaaef399b4a4e1c54144c476e729f703edd181,2022-12-16T06:52:09Z,2023-03-16T06:52:08Z
268c04a556a8fead1bb5022311ff88df4c4218d15519c7364571efafa732182f,2022-12-09T00:00:00Z,2023-06-16T23:59:59Z
3a09d5e5b7b5ca75e8bd30f4b23381160709cf68c1b65f7cfb3cbe3dfda92b4c,2022-12-18T04:46:22Z,2023-03-18T04:46:21Z
